-- phpMyAdmin SQL Dump
-- version 4.6.5.2
-- https://www.phpmyadmin.net/
--
-- Host: 127.0.0.1
-- Creato il: Mag 25, 2017 alle 19:35
-- Versione del server: 10.1.21-MariaDB
-- Versione PHP: 5.6.30

SET SQL_MODE = "NO_AUTO_VALUE_ON_ZERO";
SET time_zone = "+00:00";


/*!40101 SET @OLD_CHARACTER_SET_CLIENT=@@CHARACTER_SET_CLIENT */;
/*!40101 SET @OLD_CHARACTER_SET_RESULTS=@@CHARACTER_SET_RESULTS */;
/*!40101 SET @OLD_COLLATION_CONNECTION=@@COLLATION_CONNECTION */;
/*!40101 SET NAMES utf8mb4 */;

--
-- Database: `vuelaravel`
--

-- --------------------------------------------------------

--
-- Struttura della tabella `migrations`
--

CREATE TABLE `migrations` (
  `id` int(10) UNSIGNED NOT NULL,
  `migration` varchar(191) COLLATE utf8mb4_unicode_ci NOT NULL,
  `batch` int(11) NOT NULL
) ENGINE=InnoDB DEFAULT CHARSET=utf8mb4 COLLATE=utf8mb4_unicode_ci;

--
-- Dump dei dati per la tabella `migrations`
--

INSERT INTO `migrations` (`id`, `migration`, `batch`) VALUES
(1, '2014_10_12_000000_create_users_table', 1),
(2, '2014_10_12_100000_create_password_resets_table', 1),
(3, '2016_06_01_000001_create_oauth_auth_codes_table', 1),
(4, '2016_06_01_000002_create_oauth_access_tokens_table', 1),
(5, '2016_06_01_000003_create_oauth_refresh_tokens_table', 1),
(6, '2016_06_01_000004_create_oauth_clients_table', 1),
(7, '2016_06_01_000005_create_oauth_personal_access_clients_table', 1),
(8, '2017_05_25_103003_create_products_table', 2);

-- --------------------------------------------------------

--
-- Struttura della tabella `oauth_access_tokens`
--

CREATE TABLE `oauth_access_tokens` (
  `id` varchar(100) COLLATE utf8mb4_unicode_ci NOT NULL,
  `user_id` int(11) DEFAULT NULL,
  `client_id` int(11) NOT NULL,
  `name` varchar(191) COLLATE utf8mb4_unicode_ci DEFAULT NULL,
  `scopes` text COLLATE utf8mb4_unicode_ci,
  `revoked` tinyint(1) NOT NULL,
  `created_at` timestamp NULL DEFAULT NULL,
  `updated_at` timestamp NULL DEFAULT NULL,
  `expires_at` datetime DEFAULT NULL
) ENGINE=InnoDB DEFAULT CHARSET=utf8mb4 COLLATE=utf8mb4_unicode_ci;

--
-- Dump dei dati per la tabella `oauth_access_tokens`
--

INSERT INTO `oauth_access_tokens` (`id`, `user_id`, `client_id`, `name`, `scopes`, `revoked`, `created_at`, `updated_at`, `expires_at`) VALUES
('020888f792de0abcfd3917f5da2a5b839799d8b11d427b357078eff2b77e4e984982c4be2087e035', 1, 2, NULL, '[]', 0, '2017-05-24 14:01:20', '2017-05-24 14:01:20', '2018-05-24 16:01:20'),
('03a86098f4e4467b8533a4ee1a69fbec43d27278a68d9b560b799a43d5ad95ee64886a02fb125d5f', 1, 2, NULL, '[]', 0, '2017-05-24 13:49:04', '2017-05-24 13:49:04', '2018-05-24 15:49:04'),
('08df74fde24d7e5399ed3c7e3dc0d721535d0f9a91ccd5268c7c39192c7e25b376ece79fc741ff51', 1, 2, NULL, '[]', 0, '2017-05-24 13:55:01', '2017-05-24 13:55:01', '2018-05-24 15:55:01'),
('09446088410bbad8d2f98accfce4e47a1df4b12dbdcd3f17f69cad70e79e294f625f1da78100a9a9', 1, 2, NULL, '[]', 0, '2017-05-24 13:54:55', '2017-05-24 13:54:55', '2018-05-24 15:54:55'),
('0d8cf9f0fb195a93f849ab427e3363f6eac2cd3e345c9c7cbf8f88ba0a9229de5485a12f04f26653', 1, 2, NULL, '[]', 0, '2017-05-24 13:49:06', '2017-05-24 13:49:06', '2018-05-24 15:49:06'),
('0dc8a9fb64e2397ca48ee6be5f46409736f464b72af625bbb663a89a60ef90dc4020c60a5a61f7e5', 1, 2, NULL, '[]', 0, '2017-05-24 14:02:14', '2017-05-24 14:02:14', '2018-05-24 16:02:14'),
('0df7fe23447a095ddeff7e1e1b7d749ce42f4e8accdcd43458ae1107ec204f5f4726c9aeec8eaa91', 1, 2, NULL, '[]', 0, '2017-05-24 13:56:33', '2017-05-24 13:56:33', '2018-05-24 15:56:33'),
('17cbcdaf96761f950ed363eb031e447b16c35e1ccd753f9b34f19a581ad4b516f6612b04f4664a20', 1, 2, NULL, '[]', 0, '2017-05-24 13:55:01', '2017-05-24 13:55:01', '2018-05-24 15:55:01'),
('186a45b318869746a17fbffc84f376572cd4f6cce9e8dfbb9a2c69de4720b733ac66c7c04ce160b7', 1, 2, NULL, '[]', 0, '2017-05-24 13:54:53', '2017-05-24 13:54:53', '2018-05-24 15:54:53'),
('1b55f0dbe91c5be358a06ae84e32c298a8da79c982abd46b254cb68cf39537fb3209e29cca1ab817', 1, 2, NULL, '[]', 0, '2017-05-24 14:02:05', '2017-05-24 14:02:05', '2018-05-24 16:02:05'),
('1f4cb5a1788049b1d452517eda1b0d0e7e6b7986fa8b54acd19eb670c5520f34644fbfd2240646be', 1, 2, NULL, '[]', 0, '2017-05-24 13:58:05', '2017-05-24 13:58:05', '2018-05-24 15:58:05'),
('1fa47c41265b4ea7fc62c5e30d3c332c7f49567f5f2c108c8382b98e1814e8b83de7bcfd07281151', 1, 2, NULL, '[]', 0, '2017-05-24 14:02:15', '2017-05-24 14:02:15', '2018-05-24 16:02:15'),
('21e5d660665868e7bd0984e4847f22cea38ea1acec095e706cda6d9257758303ca16ff81ca088885', 1, 2, NULL, '[]', 0, '2017-05-24 13:56:34', '2017-05-24 13:56:34', '2018-05-24 15:56:34'),
('27ab9900994e765e1515a6c603220d77a7710f753c7018af69d651870b690097debfa1a241c28610', 1, 2, NULL, '[]', 0, '2017-05-24 13:56:32', '2017-05-24 13:56:32', '2018-05-24 15:56:32'),
('2a644aaff13fe90f002bae9b0af7d86871a9b1cd5f5063063c292bb54721323846817ff4e68944a4', 1, 2, NULL, '[]', 0, '2017-05-24 13:50:10', '2017-05-24 13:50:10', '2018-05-24 15:50:10'),
('31f499dbc0d0b72a770b17d8c5b817dec4170da8345a078f9e105e4a9b99f56af03b208d640596f9', 1, 2, NULL, '[]', 0, '2017-05-24 13:50:14', '2017-05-24 13:50:14', '2018-05-24 15:50:14'),
('3400d4fa068846880ca4a6c16a0332649729b98c678d5666f95fa0d2bc81dc0d9c329f33f809d1c8', 1, 2, NULL, '[]', 0, '2017-05-24 14:02:07', '2017-05-24 14:02:07', '2018-05-24 16:02:07'),
('34a583ecca6ac5bf97c36218d43d019a4711e28840559b7e1fab872d1b674189d4424648023b3700', 1, 2, NULL, '[]', 0, '2017-05-24 14:02:13', '2017-05-24 14:02:13', '2018-05-24 16:02:13'),
('38be1c5f7d1e40feefcc70d1ffc2a9afd0e5859d99748b5d11da39e38333b666ca4de41ed1fdb7e0', 1, 2, NULL, '[]', 0, '2017-05-24 12:58:17', '2017-05-24 12:58:17', '2018-05-24 14:58:17'),
('38f27547b778d44c558326660bef1a54d50ee231e2eac8efacaa9012cb762ec615aed4e5bdf0bc77', 1, 2, NULL, '[]', 0, '2017-05-24 13:50:22', '2017-05-24 13:50:22', '2018-05-24 15:50:22'),
('40523632e69156a4a74197d4abe9429eed933d3e4a5520aa9bb1b712d7dc6eebf3f18120a10027b1', 1, 2, NULL, '[]', 0, '2017-05-24 14:02:15', '2017-05-24 14:02:15', '2018-05-24 16:02:15'),
('41b7feb17e97b5a685222e05d84110878415730cdcb6a9a66ac43d2cf5d6ce0880add89f87506215', 1, 2, NULL, '[]', 0, '2017-05-24 14:01:21', '2017-05-24 14:01:21', '2018-05-24 16:01:21'),
('42b686efa6bd5c574343d0bb3803959b3ccd95dbf9e2fc5e652144326f22b3a4359e1ca8dac98154', 2, 2, NULL, '[]', 0, '2017-05-24 14:07:14', '2017-05-24 14:07:14', '2018-05-24 16:07:14'),
('454b98296c82bbaed9cf1c375e3e0b9ab4da0904e81f8b15ebcabf38c097359290280a578b4263d0', 1, 2, NULL, '[]', 0, '2017-05-24 13:49:03', '2017-05-24 13:49:03', '2018-05-24 15:49:03'),
('46fa87dd1e0ec51b469a7cbad3437adddefc5f32fcba07844f3d2ea3bdf9cf531db48e5fdd38d6fd', 2, 2, NULL, '[]', 0, '2017-05-24 14:35:45', '2017-05-24 14:35:45', '2018-05-24 16:35:45'),
('4749e65392388dbe3f6648b7c786b27cb1029ef573463ca8d4d06c0836c52b6d847457600d833d9f', 1, 2, NULL, '[]', 0, '2017-05-24 14:01:19', '2017-05-24 14:01:19', '2018-05-24 16:01:19'),
('482df25801c82f532e69d826249b0c9b0189bfdd6cf9fe9c5e27d6418b7ed5b5c432de1c96761cb4', 1, 2, NULL, '[]', 0, '2017-05-24 13:49:51', '2017-05-24 13:49:51', '2018-05-24 15:49:51'),
('4e06dd8016865621d2dd825b15d124b480c6d21acb3a0b77fa1999e4a26126e7df1024bb2a2f8aed', 1, 2, NULL, '[]', 0, '2017-05-25 07:20:35', '2017-05-25 07:20:35', '2018-05-25 09:20:35'),
('50dcf869d93e6e12fb1b958ae4213865572a36126611f7f01d28a173b096954ed52d387833278ae7', 1, 2, NULL, '[]', 0, '2017-05-24 13:56:37', '2017-05-24 13:56:37', '2018-05-24 15:56:37'),
('53ba7da563ff0ea323e3e19ed2ec9289b5d95e22589e2fc3a50fb0c90e38706bfe1545fa4844e874', 1, 2, NULL, '[]', 0, '2017-05-24 12:06:36', '2017-05-24 12:06:36', '2018-05-24 14:06:36'),
('56a6ddc22935350f27c8f1fd59299a9672a7ba7a0a29492036ff9a8c661a1a52ffeea18f2b0fdc85', 1, 2, NULL, '[]', 0, '2017-05-24 14:01:16', '2017-05-24 14:01:16', '2018-05-24 16:01:16'),
('5715c4778b4498e53af66556b0cf9b2528b736fa797483ad8980db2785c6288d8966bb87c6d73a8b', 1, 2, NULL, '[]', 0, '2017-05-24 14:02:06', '2017-05-24 14:02:06', '2018-05-24 16:02:06'),
('58540cf039bd505386eacfeb8052f06f16f5b80a1ee5facc77ef8ba9fef3d9f4562fa30bc1df6c50', 1, 2, NULL, '[]', 0, '2017-05-24 13:50:11', '2017-05-24 13:50:11', '2018-05-24 15:50:11'),
('5924654e8c74a9857c70eeb0ac270b971b44ab0be9483ef7db74f5519061ed517885de8b3387778f', 1, 2, NULL, '[]', 0, '2017-05-24 13:56:32', '2017-05-24 13:56:32', '2018-05-24 15:56:32'),
('5d4928b816f92f14ff9cae9fb46887da165532ede2f121582ba2d1ff34dabed55a01c61d6c35be5c', 1, 2, NULL, '[]', 0, '2017-05-24 13:58:06', '2017-05-24 13:58:06', '2018-05-24 15:58:06'),
('5dee434683687c702eee8e6556a3ed78d1c65dec53f604a76d0f950b0a56e490bea9be0845cfe9f1', 1, 2, NULL, '[]', 0, '2017-05-24 13:58:06', '2017-05-24 13:58:06', '2018-05-24 15:58:06'),
('5e1b05c2c84c82cc08172b3f9f6a8adabe6aeb4c1c9f70adaacede847f5a91998384a169ad6fbfb7', 1, 2, NULL, '[]', 0, '2017-05-24 14:01:21', '2017-05-24 14:01:21', '2018-05-24 16:01:21'),
('5e4d744edd3980800f29585fa74dbff4b050546d3008d759af8cc0f3cad2bd8be7de2dba840fa5ef', 1, 2, NULL, '[]', 0, '2017-05-24 13:55:00', '2017-05-24 13:55:00', '2018-05-24 15:55:00'),
('611b14b058df77874893268601221a45e2746f0c7099699c6ee8b8192623cc45cd853ecaeeabeb77', 1, 2, NULL, '[]', 0, '2017-05-24 13:50:38', '2017-05-24 13:50:38', '2018-05-24 15:50:38'),
('62ab261ba377bb79d9403f0d00bf032e42d1663ceb78c4395f6b3af8024221ac8f5841ac0827a91f', 1, 2, NULL, '[]', 0, '2017-05-24 13:49:05', '2017-05-24 13:49:05', '2018-05-24 15:49:05'),
('642a51b21b43abbbc89bfd27bcc4ed1a34f894de0170f29833b1292b6235b9c12076629df766685a', 1, 2, NULL, '[]', 0, '2017-05-24 13:56:32', '2017-05-24 13:56:32', '2018-05-24 15:56:32'),
('6985c36ee94c3efbf18d6bbfd20f3376f816e02363fce734a2fa5aea1c1bfcc38aceb461c03d3854', 1, 2, NULL, '[]', 0, '2017-05-24 12:06:25', '2017-05-24 12:06:25', '2018-05-24 14:06:25'),
('6b9cec21f4f305a12e5e8c29c92d29133c5272246112903d5c7e52bb9087c09f1ddbc4bbb53512a0', 3, 2, NULL, '[]', 0, '2017-05-25 13:57:21', '2017-05-25 13:57:21', '2018-05-25 15:57:21'),
('6f66af220ce1ba5ef5082d0227e7181e375ad54a829a930aa9a0777101528cabe77b68bd383ca6ec', 1, 2, NULL, '[]', 0, '2017-05-24 13:49:04', '2017-05-24 13:49:04', '2018-05-24 15:49:04'),
('70c6e3c4816203736315376a4723e0d1c258877db8287c29acf0f5f40944c4aebac9e32385662ac8', 2, 2, NULL, '[]', 0, '2017-05-25 13:31:18', '2017-05-25 13:31:18', '2018-05-25 15:31:18'),
('71e0320d74562ce932edf9a246159e08fe41498755417979cd9e94a34a66bc7f6629e9a671275565', 3, 2, NULL, '[]', 0, '2017-05-25 13:46:59', '2017-05-25 13:46:59', '2018-05-25 15:46:59'),
('73166c2a9b2adf51fc18effa4cd86ab2d26362d981e46480f6cb1891d6cd899b290ad66c55688706', 1, 2, NULL, '[]', 0, '2017-05-24 13:49:16', '2017-05-24 13:49:16', '2018-05-24 15:49:16'),
('75253409d538c9047ff755c3fa8ffe6edb44b57e61b2c13085f9017853b4bbfcbc65064adad474e5', 1, 2, NULL, '[]', 0, '2017-05-24 13:49:05', '2017-05-24 13:49:05', '2018-05-24 15:49:05'),
('828b070074a29e3f25e4f61783e7b6abd9eb07b7f403f3c2cdf8634d19f4b8919b5c02dd18fa07c8', 1, 2, NULL, '[]', 0, '2017-05-24 13:54:59', '2017-05-24 13:54:59', '2018-05-24 15:54:59'),
('82b939b69b302c761d226e427961366045e092d1332d5385cf877bd12024fc32123f9b19424f4cd1', 1, 2, NULL, '[]', 0, '2017-05-24 13:57:57', '2017-05-24 13:57:57', '2018-05-24 15:57:57'),
('8354a373791473c25f0f8c5c99efc81a7a66663c4b8d869263c15d1cba911cf7dc50e16b625268b0', 1, 2, NULL, '[]', 0, '2017-05-24 13:48:56', '2017-05-24 13:48:56', '2018-05-24 15:48:56'),
('8396d32bb6f84f838141b41ad9263f133f96636bb8b357af4d727c4c54af1654cc89c4fa166ba69a', 1, 2, NULL, '[]', 0, '2017-05-24 13:54:56', '2017-05-24 13:54:56', '2018-05-24 15:54:56'),
('876852214cea8f2391b0012d1d7fe7afaa02588a3dc7c72ec316f03e2002bbb13ebaafd384dfda6c', 3, 2, NULL, '[]', 0, '2017-05-25 14:10:19', '2017-05-25 14:10:19', '2018-05-25 16:10:19'),
('8c7f10d5daa7c0a8694a7a18fc90f42f6d45b6ec9d834afddd863993b52d2502900b1f8e98543a38', 1, 2, NULL, '[]', 0, '2017-05-24 15:03:15', '2017-05-24 15:03:15', '2018-05-24 17:03:15'),
('8edc6503f7bf0f3d97b457fd5de837b40b957e0183d6a32c9ed2de0aec6652c492b41e10e35d6e7d', 1, 2, NULL, '[]', 0, '2017-05-24 14:01:20', '2017-05-24 14:01:20', '2018-05-24 16:01:20'),
('909a00a04794d46f05a27b822acf04e86b1fa07405a2ce7082eb5c5820cca5d003bba14acceda11b', 2, 2, NULL, '[]', 0, '2017-05-24 14:35:45', '2017-05-24 14:35:45', '2018-05-24 16:35:45'),
('91cf0c35e8d84653d72fd6e9558d51204355bf3d09e156c4988b95848e03e04ed026f4818cf96126', 1, 2, NULL, '[]', 0, '2017-05-24 13:49:05', '2017-05-24 13:49:05', '2018-05-24 15:49:05'),
('940d9db734db3719520a24b787b1c67f3639ff0b898df89cfc5bde491ae5ccfbc9f3f54a951cb968', 1, 2, NULL, '[]', 0, '2017-05-24 12:06:27', '2017-05-24 12:06:27', '2018-05-24 14:06:27'),
('948f1a765ef32958e4f1c37e78f78fd4fb678439b9869e9d294a28855b0ab2f79b6dedb17731d253', 2, 2, NULL, '[]', 0, '2017-05-25 13:29:42', '2017-05-25 13:29:42', '2018-05-25 15:29:42'),
('98278c5e961a34fa235b9a8cc447bbab89038530e378c6939b19b1286a0568728c681ffb3ac862b8', 1, 2, NULL, '[]', 0, '2017-05-24 13:49:04', '2017-05-24 13:49:04', '2018-05-24 15:49:04'),
('9a122516622b8c9f97cd181ddf693fc0037f52936ec2f1be994d2afa7712ca82e94966a983662ddc', 1, 2, NULL, '[]', 0, '2017-05-24 13:56:36', '2017-05-24 13:56:36', '2018-05-24 15:56:36'),
('a44155114a19bf68f8a847a585f97bfce84b82b7a4236ea17939289c502bd621d9f192fdb3d45267', 1, 2, NULL, '[]', 0, '2017-05-24 13:58:07', '2017-05-24 13:58:07', '2018-05-24 15:58:07'),
('a5d7b3f3e6e3889a77bba73454147335f31611027a175f34c7eb20dbc551d89c38e13154e6fabd47', 1, 2, NULL, '[]', 0, '2017-05-24 13:49:03', '2017-05-24 13:49:03', '2018-05-24 15:49:03'),
('a6a68a3e893bcb622511fba3f202491b2519bc83a8a5d54c1474b6435d0a09bb7f771c3f61bedd4c', 1, 2, NULL, '[]', 0, '2017-05-24 12:06:27', '2017-05-24 12:06:27', '2018-05-24 14:06:27'),
('a94ffe16674fdc4a9e064df575a8bf765b96cadb7af4456cc5ce4d55de8f8cc11cd11b1257f4c38f', 1, 2, NULL, '[]', 0, '2017-05-24 13:54:56', '2017-05-24 13:54:56', '2018-05-24 15:54:56'),
('ab13aba9c3ee819b3b094a0b83ad257e1d18b70bd54f3ab3a3f35b35000fa8430a2fb5d04d2b8f16', 1, 2, NULL, '[]', 0, '2017-05-24 13:48:58', '2017-05-24 13:48:58', '2018-05-24 15:48:58'),
('ab31d6bb9abdf10a5c66e1736283b04bf131529a03cee5ecd0dacda499e3d2b0e6da4970141df0e1', 1, 2, NULL, '[]', 0, '2017-05-24 13:56:34', '2017-05-24 13:56:34', '2018-05-24 15:56:34'),
('ba02c1481a0408644fd0057c0294192d93aba774e22d204e42e870459de6e69444fa2d169e783d01', 1, 2, NULL, '[]', 0, '2017-05-24 13:50:09', '2017-05-24 13:50:09', '2018-05-24 15:50:09'),
('bb47a6977634e02536e1d0414cf6adc7489636c7f7330afd77697595c1dfc0ac56b66239b1728505', 1, 2, NULL, '[]', 0, '2017-05-24 13:50:05', '2017-05-24 13:50:05', '2018-05-24 15:50:05'),
('c3b2a9c5a77823e101d4f9fabd7133f8218ff6bb1ed1e3f4c1a563ba3ecb867333a64066778d13db', 1, 2, NULL, '[]', 0, '2017-05-24 13:56:33', '2017-05-24 13:56:33', '2018-05-24 15:56:33'),
('c3f5f5938a8e87653fd7206090d3f489bf3ee9993c8eca259cedcde6d4dff2278c3b1c983413d72a', 1, 2, NULL, '[]', 0, '2017-05-24 13:57:56', '2017-05-24 13:57:56', '2018-05-24 15:57:56'),
('c6c5f2da5a3172000a320d840a3385117d6f89d03d17c4bd0c03e2ace71762c2e50dae766fc2bd94', 1, 2, NULL, '[]', 0, '2017-05-24 13:50:08', '2017-05-24 13:50:08', '2018-05-24 15:50:08'),
('c9f7ce560e3241f9abc405787c18f60644c9e096cb83c98801f1ae2f8ed165eddb16b8fbb22c9c36', 1, 2, NULL, '[]', 0, '2017-05-24 13:56:37', '2017-05-24 13:56:37', '2018-05-24 15:56:37'),
('d1ca2af0fa156e0b446a31693101c0bbd4c3dd7ad15abe16c33068aac000601903d869b6f08d8499', 3, 2, NULL, '[]', 0, '2017-05-25 08:07:18', '2017-05-25 08:07:18', '2018-05-25 10:07:18'),
('d2fcdcee6ec00879dee25643080a0e8a118869525b6e9fcd2599d85b0f8eb6094fbba5109ee80c04', 1, 2, NULL, '[]', 0, '2017-05-24 13:50:38', '2017-05-24 13:50:38', '2018-05-24 15:50:38'),
('d78e2c7281c97434d00f09a5771e94be6597de9cd937a51e55d96f4f0b169730c30922cc24f58d12', 1, 2, NULL, '[]', 0, '2017-05-24 14:02:07', '2017-05-24 14:02:07', '2018-05-24 16:02:07'),
('dda9632c0679be580b4c66bfbda3885a6d9bd647e8c14578c28daea5e402a445bf12fbf554189567', 2, 2, NULL, '[]', 0, '2017-05-25 07:21:15', '2017-05-25 07:21:15', '2018-05-25 09:21:15'),
('de4a45ca0596d37e164ccf8d416d07551f090a86290c99d004a64dcb1fc3835ba13f5e0ee704d558', 1, 2, NULL, '[]', 0, '2017-05-24 13:54:56', '2017-05-24 13:54:56', '2018-05-24 15:54:56'),
('df9f801cffbf329fd6c8f42048cb30ab164f6913ce7beda74576d25c90c59f8cbbe396375ce47599', 1, 2, NULL, '[]', 0, '2017-05-24 14:02:15', '2017-05-24 14:02:15', '2018-05-24 16:02:15'),
('ea20ccf3b6d67a688cdb29f243d99ab77f852e405cd1fa6333e917565f6f5abe3612d7e5fa8d6a34', 1, 2, NULL, '[]', 0, '2017-05-24 13:58:04', '2017-05-24 13:58:04', '2018-05-24 15:58:04'),
('f40e39eae1af39908ed68d74d850f161f97a910066791200388ff9e32560bed99149771ff418c915', 1, 2, NULL, '[]', 0, '2017-05-24 13:50:09', '2017-05-24 13:50:09', '2018-05-24 15:50:09'),
('f8f578e76d9ef70e61d1c44bf52df5aa119e10504a24915a29fcc2ad2008c6fe62695b92930cb3f3', 1, 2, NULL, '[]', 0, '2017-05-24 13:50:37', '2017-05-24 13:50:37', '2018-05-24 15:50:37'),
('fdd1b86591a269d682e64ddafe84b5e3a799dcb9b99d82d8e6f191dc7516b7dcc73380565c337230', 1, 2, NULL, '[]', 0, '2017-05-24 13:56:33', '2017-05-24 13:56:33', '2018-05-24 15:56:33');

-- --------------------------------------------------------

--
-- Struttura della tabella `oauth_auth_codes`
--

CREATE TABLE `oauth_auth_codes` (
  `id` varchar(100) COLLATE utf8mb4_unicode_ci NOT NULL,
  `user_id` int(11) NOT NULL,
  `client_id` int(11) NOT NULL,
  `scopes` text COLLATE utf8mb4_unicode_ci,
  `revoked` tinyint(1) NOT NULL,
  `expires_at` datetime DEFAULT NULL
) ENGINE=InnoDB DEFAULT CHARSET=utf8mb4 COLLATE=utf8mb4_unicode_ci;

-- --------------------------------------------------------

--
-- Struttura della tabella `oauth_clients`
--

CREATE TABLE `oauth_clients` (
  `id` int(10) UNSIGNED NOT NULL,
  `user_id` int(11) DEFAULT NULL,
  `name` varchar(191) COLLATE utf8mb4_unicode_ci NOT NULL,
  `secret` varchar(100) COLLATE utf8mb4_unicode_ci NOT NULL,
  `redirect` text COLLATE utf8mb4_unicode_ci NOT NULL,
  `personal_access_client` tinyint(1) NOT NULL,
  `password_client` tinyint(1) NOT NULL,
  `revoked` tinyint(1) NOT NULL,
  `created_at` timestamp NULL DEFAULT NULL,
  `updated_at` timestamp NULL DEFAULT NULL
) ENGINE=InnoDB DEFAULT CHARSET=utf8mb4 COLLATE=utf8mb4_unicode_ci;

--
-- Dump dei dati per la tabella `oauth_clients`
--

INSERT INTO `oauth_clients` (`id`, `user_id`, `name`, `secret`, `redirect`, `personal_access_client`, `password_client`, `revoked`, `created_at`, `updated_at`) VALUES
(1, NULL, 'Laravel Personal Access Client', 'QygRCczmGHzdyyeuRDdFtcCkNSqDVlsu2QuCTWmr', 'http://localhost', 1, 0, 0, '2017-05-24 08:11:08', '2017-05-24 08:11:08'),
(2, NULL, 'Laravel Password Grant Client', '6odT0PRd7RLkR9WZpJ1aNZemwsvTZtMv3qDNNwn7', 'http://localhost', 0, 1, 0, '2017-05-24 08:11:08', '2017-05-24 08:11:08');

-- --------------------------------------------------------

--
-- Struttura della tabella `oauth_personal_access_clients`
--

CREATE TABLE `oauth_personal_access_clients` (
  `id` int(10) UNSIGNED NOT NULL,
  `client_id` int(11) NOT NULL,
  `created_at` timestamp NULL DEFAULT NULL,
  `updated_at` timestamp NULL DEFAULT NULL
) ENGINE=InnoDB DEFAULT CHARSET=utf8mb4 COLLATE=utf8mb4_unicode_ci;

--
-- Dump dei dati per la tabella `oauth_personal_access_clients`
--

INSERT INTO `oauth_personal_access_clients` (`id`, `client_id`, `created_at`, `updated_at`) VALUES
(1, 1, '2017-05-24 08:11:08', '2017-05-24 08:11:08');

-- --------------------------------------------------------

--
-- Struttura della tabella `oauth_refresh_tokens`
--

CREATE TABLE `oauth_refresh_tokens` (
  `id` varchar(100) COLLATE utf8mb4_unicode_ci NOT NULL,
  `access_token_id` varchar(100) COLLATE utf8mb4_unicode_ci NOT NULL,
  `revoked` tinyint(1) NOT NULL,
  `expires_at` datetime DEFAULT NULL
) ENGINE=InnoDB DEFAULT CHARSET=utf8mb4 COLLATE=utf8mb4_unicode_ci;

--
-- Dump dei dati per la tabella `oauth_refresh_tokens`
--

INSERT INTO `oauth_refresh_tokens` (`id`, `access_token_id`, `revoked`, `expires_at`) VALUES
('01aca449e45ac0d9e1fe62adffbcfe6ca0aad1e002f6ae38dfaf38753fab128b407116a1ec26ed37', '4749e65392388dbe3f6648b7c786b27cb1029ef573463ca8d4d06c0836c52b6d847457600d833d9f', 0, '2018-05-24 16:01:20'),
('01f6412c29e6000c384d95b33a9605381f93e4c9f110b1cbdd5b64f1d2432fcb0f8322116360c669', '5924654e8c74a9857c70eeb0ac270b971b44ab0be9483ef7db74f5519061ed517885de8b3387778f', 0, '2018-05-24 15:56:32'),
('0277238085f0988dc43b629760636a7c9665d608ff6f94fb389a90f9c6c1205ea252699d2a0eb5a0', '08df74fde24d7e5399ed3c7e3dc0d721535d0f9a91ccd5268c7c39192c7e25b376ece79fc741ff51', 0, '2018-05-24 15:55:01'),
('02942d153073490b35f03e0faf05c60f52abc898891ecc0646cbf2c95f0d3ca1d21fed698bd6e7cc', '0d8cf9f0fb195a93f849ab427e3363f6eac2cd3e345c9c7cbf8f88ba0a9229de5485a12f04f26653', 0, '2018-05-24 15:49:06'),
('09b279514000701f578738c67d6d56f1e39d8b8ced7696cb092fd451e821fadb5a0340a89bc9275c', '948f1a765ef32958e4f1c37e78f78fd4fb678439b9869e9d294a28855b0ab2f79b6dedb17731d253', 0, '2018-05-25 15:29:42'),
('0b5a354390502f4d4664dbabfee468c241250f8fdd7fd45206133322a1ab1d8df3249897c0379b1d', '1fa47c41265b4ea7fc62c5e30d3c332c7f49567f5f2c108c8382b98e1814e8b83de7bcfd07281151', 0, '2018-05-24 16:02:15'),
('0baf0e1313a80a278ab15d5a6f7030f4f6fa0d70fecf2de8ba33116e5e864af3725e546a4fb7721f', 'c6c5f2da5a3172000a320d840a3385117d6f89d03d17c4bd0c03e2ace71762c2e50dae766fc2bd94', 0, '2018-05-24 15:50:08'),
('0e344eb142dfc257e058476ce72c30e3c4c7484bc388c85ee3dfe886cb8f5379ef8c793a4e168491', '17cbcdaf96761f950ed363eb031e447b16c35e1ccd753f9b34f19a581ad4b516f6612b04f4664a20', 0, '2018-05-24 15:55:01'),
('0e47abc910470421b1ae5c890c67d3714addeea142160dcdd62d80afdbaccca46c54a72d3d8bd261', '5e1b05c2c84c82cc08172b3f9f6a8adabe6aeb4c1c9f70adaacede847f5a91998384a169ad6fbfb7', 0, '2018-05-24 16:01:21'),
('10d07ec66ff6be9f75853ef50604244f2b3ac12ec79549b8672e4de3f3072c89d07cd17dc0250316', '4e06dd8016865621d2dd825b15d124b480c6d21acb3a0b77fa1999e4a26126e7df1024bb2a2f8aed', 0, '2018-05-25 09:20:35'),
('1ac5a275305cfc50cac4ce8101fc66bf01fa4748e187ab51dbc243692744a040079c2d81dac85a33', '53ba7da563ff0ea323e3e19ed2ec9289b5d95e22589e2fc3a50fb0c90e38706bfe1545fa4844e874', 0, '2018-05-24 14:06:36'),
('1d82af6c338c1fbef7d1c5cee06d03f51255791267de4e69092a7c440ce203db91bbe3a2dc1090bf', '909a00a04794d46f05a27b822acf04e86b1fa07405a2ce7082eb5c5820cca5d003bba14acceda11b', 0, '2018-05-24 16:35:45'),
('202642707874afad6f50a04b76f8e0db5555b3db6a81f643b6f1d36f341debb345060de11b222ec0', 'df9f801cffbf329fd6c8f42048cb30ab164f6913ce7beda74576d25c90c59f8cbbe396375ce47599', 0, '2018-05-24 16:02:15'),
('2c660f42af956b44d030e911dd943895c160a2084e0ec4feb5738d9b2d0b2a03135f2ba25dc91077', '8edc6503f7bf0f3d97b457fd5de837b40b957e0183d6a32c9ed2de0aec6652c492b41e10e35d6e7d', 0, '2018-05-24 16:01:20'),
('2d5d213cdbc4660bfa33852cfc37d7ab6309b8244eb5f7e2e6247fcab539ff60f74d23deb9095824', '41b7feb17e97b5a685222e05d84110878415730cdcb6a9a66ac43d2cf5d6ce0880add89f87506215', 0, '2018-05-24 16:01:21'),
('3012021851ea69d661563f020b71bad1cf010d80178f288f0837619775415c9c728ef60feeff5460', 'c3f5f5938a8e87653fd7206090d3f489bf3ee9993c8eca259cedcde6d4dff2278c3b1c983413d72a', 0, '2018-05-24 15:57:56'),
('35de8e413ebe6c044f8d12c50765bff46410081fbbbf8b9145e86592cf3c5657d6a73dc7e38ce3d5', 'a94ffe16674fdc4a9e064df575a8bf765b96cadb7af4456cc5ce4d55de8f8cc11cd11b1257f4c38f', 0, '2018-05-24 15:54:56'),
('3f2f1f8364578db3dcc8e0135f7161e82d710acafd80b7e0d72e67dd84bfed7d7b1d389054330408', '611b14b058df77874893268601221a45e2746f0c7099699c6ee8b8192623cc45cd853ecaeeabeb77', 0, '2018-05-24 15:50:38'),
('417de5b6c490253b1d2b4aaf8d417450715e88604dc98f2e55ee5610f00149f9852e9fab99dd35e7', '42b686efa6bd5c574343d0bb3803959b3ccd95dbf9e2fc5e652144326f22b3a4359e1ca8dac98154', 0, '2018-05-24 16:07:14'),
('4b7d2553c0cf14a1a50c5d1a1302cf4cae44293d36c1cdcf14450ec154bb9bbd13c50645aa45cfaa', 'f8f578e76d9ef70e61d1c44bf52df5aa119e10504a24915a29fcc2ad2008c6fe62695b92930cb3f3', 0, '2018-05-24 15:50:37'),
('4ded792b0cce907ad3ed3a1cbacb8587fc8d83bb69921d92490c498c424f95dae388afef0e2c99fc', 'ab31d6bb9abdf10a5c66e1736283b04bf131529a03cee5ecd0dacda499e3d2b0e6da4970141df0e1', 0, '2018-05-24 15:56:34'),
('4e80f4e358526f5915590a106acce0174d6eeec84307d02ee5eca63f4dafdef62d8612a712ee7bda', 'ea20ccf3b6d67a688cdb29f243d99ab77f852e405cd1fa6333e917565f6f5abe3612d7e5fa8d6a34', 0, '2018-05-24 15:58:04'),
('4f80d03854cbd30e4b93d531ffba3df267598d0795e8ad1475fcfe9b3a4b0170e04d59f26a87532f', '8396d32bb6f84f838141b41ad9263f133f96636bb8b357af4d727c4c54af1654cc89c4fa166ba69a', 0, '2018-05-24 15:54:56'),
('5700158add4c619e44d2b355a78eea71df7f8664f751eed0fb8b5dfc4c19ccf8e4121a997811f90a', '642a51b21b43abbbc89bfd27bcc4ed1a34f894de0170f29833b1292b6235b9c12076629df766685a', 0, '2018-05-24 15:56:32'),
('57fba2c218a2d221a5eb3771ba107fa6de42b5668e56e8a266790d158522c0503e71daf1e9d8ccdb', '940d9db734db3719520a24b787b1c67f3639ff0b898df89cfc5bde491ae5ccfbc9f3f54a951cb968', 0, '2018-05-24 14:06:27'),
('587be04ac2b18493e8880672b5dfd4bfb4ced2cae3278efe3a9330ea0daa9937b28b6bbb14ab0c5f', '27ab9900994e765e1515a6c603220d77a7710f753c7018af69d651870b690097debfa1a241c28610', 0, '2018-05-24 15:56:32'),
('5b18ed061136047525aea932efe744304e0f9c35985f766715f4665436b6d6440e2dc6c4bb85f665', '62ab261ba377bb79d9403f0d00bf032e42d1663ceb78c4395f6b3af8024221ac8f5841ac0827a91f', 0, '2018-05-24 15:49:05'),
('5d927a0cb1b32c61e76f0d5239ac363672706d0d7ab40f6e99090489d0235939aa947ff411f5b20e', '46fa87dd1e0ec51b469a7cbad3437adddefc5f32fcba07844f3d2ea3bdf9cf531db48e5fdd38d6fd', 0, '2018-05-24 16:35:45'),
('61b4530101684408f4475b2c8b1897c3eb009cd9e3f786f690b40e9152bc6ea7c827acd4a9af9928', '5715c4778b4498e53af66556b0cf9b2528b736fa797483ad8980db2785c6288d8966bb87c6d73a8b', 0, '2018-05-24 16:02:06'),
('61bd55960be755a79cf8eea2eb208f567e48481962aadad54f08598e553ea412c53297b22d498d12', '50dcf869d93e6e12fb1b958ae4213865572a36126611f7f01d28a173b096954ed52d387833278ae7', 0, '2018-05-24 15:56:37'),
('627c05856687361978b43ffeec73cfba9852b94467ebe8ef2f4265dbb93fe330294b57a28a6143e9', '09446088410bbad8d2f98accfce4e47a1df4b12dbdcd3f17f69cad70e79e294f625f1da78100a9a9', 0, '2018-05-24 15:54:55'),
('6612d9ff016b80fcf8bd8feaf42832d187dea7c4eafa8f144a96d3315bb2a9e1a08aa41c56d7ca18', '21e5d660665868e7bd0984e4847f22cea38ea1acec095e706cda6d9257758303ca16ff81ca088885', 0, '2018-05-24 15:56:34'),
('6b73172ab559742ec3ee00a0d040a38538c449d3945e847a77e96606e52c6e4050ea52fd7f4d9b18', 'd1ca2af0fa156e0b446a31693101c0bbd4c3dd7ad15abe16c33068aac000601903d869b6f08d8499', 0, '2018-05-25 10:07:18'),
('6c90d6668ad5cb43195017a9e751fe3ce86ae571ea1a4dc9ca858daf78e88f50cbcde57b67e660b4', '40523632e69156a4a74197d4abe9429eed933d3e4a5520aa9bb1b712d7dc6eebf3f18120a10027b1', 0, '2018-05-24 16:02:15'),
('6dad3115a819bae3915f0b6c943d2f583c8b4cb837d8ce521c2d2b1767c68fe15609a876de5a7767', '482df25801c82f532e69d826249b0c9b0189bfdd6cf9fe9c5e27d6418b7ed5b5c432de1c96761cb4', 0, '2018-05-24 15:49:51'),
('6e80c1e62da60d4d491aeb937c401541bc73618ed670a3c4f2dfdda601a3ad518148065e7048883c', '38be1c5f7d1e40feefcc70d1ffc2a9afd0e5859d99748b5d11da39e38333b666ca4de41ed1fdb7e0', 0, '2018-05-24 14:58:17'),
('70aa1403c5c18b0b75947aa61a9858ffacd605a2bb7e224c89220054cfb020c1f9632842d00aaede', '56a6ddc22935350f27c8f1fd59299a9672a7ba7a0a29492036ff9a8c661a1a52ffeea18f2b0fdc85', 0, '2018-05-24 16:01:16'),
('72e19e8cc5b9032c2663933b4bdfaed22f8831818b625039f3992702833c98b2ecdec6a7d90d52a9', 'a44155114a19bf68f8a847a585f97bfce84b82b7a4236ea17939289c502bd621d9f192fdb3d45267', 0, '2018-05-24 15:58:07'),
('7606c166d6fc755561990e6fcde75241444ae73a26d7ebc5be518268b1ad4cf56cd5bea54f8b83cd', 'fdd1b86591a269d682e64ddafe84b5e3a799dcb9b99d82d8e6f191dc7516b7dcc73380565c337230', 0, '2018-05-24 15:56:33'),
('7835f40a8daa96311510d2ca19cd59cfd1dcb4a691315489e8aec96c272f97ef10053f2ea7cf7b41', '31f499dbc0d0b72a770b17d8c5b817dec4170da8345a078f9e105e4a9b99f56af03b208d640596f9', 0, '2018-05-24 15:50:14'),
('79747d7ae1d61d5cc0e6cc53a519b39789a7068688b54dbd26b57c226e58180ab2f6d78b706d6e2e', '1f4cb5a1788049b1d452517eda1b0d0e7e6b7986fa8b54acd19eb670c5520f34644fbfd2240646be', 0, '2018-05-24 15:58:06'),
('7b88ffa9efa3badffcda49a287caa4f426cdd0b45d9bcf77eb781d39f8a2a176dfe41172829a187e', '020888f792de0abcfd3917f5da2a5b839799d8b11d427b357078eff2b77e4e984982c4be2087e035', 0, '2018-05-24 16:01:20'),
('7be8b55915ebf3d23256d684f17a8eca5aae2f9711ba05fe136593b0397cc6fef46d3a5274cfb793', '03a86098f4e4467b8533a4ee1a69fbec43d27278a68d9b560b799a43d5ad95ee64886a02fb125d5f', 0, '2018-05-24 15:49:04'),
('7c6c2e724903681ea294c3cc25c5ae88e5a0ca0f996a5671dec5d2b1cc04bcc1d900cdf505287bc4', '71e0320d74562ce932edf9a246159e08fe41498755417979cd9e94a34a66bc7f6629e9a671275565', 0, '2018-05-25 15:46:59'),
('80c0ceeab63df3ffbe9b8d4793c74551383ff790b478c55b3fb41de70ee547b4cb0599e433975160', '91cf0c35e8d84653d72fd6e9558d51204355bf3d09e156c4988b95848e03e04ed026f4818cf96126', 0, '2018-05-24 15:49:05'),
('83e51b65ae3783a71bdfb2c5aa7b7081f332e889ae93c9a0cd7004962909c1e31f412a71414cdb1a', '6b9cec21f4f305a12e5e8c29c92d29133c5272246112903d5c7e52bb9087c09f1ddbc4bbb53512a0', 0, '2018-05-25 15:57:21'),
('882c11cb7817379330a76edee42c171ae3eaca4f733bc5b68b6d7e9c14e400beefeb0a76c2c68f7a', '75253409d538c9047ff755c3fa8ffe6edb44b57e61b2c13085f9017853b4bbfcbc65064adad474e5', 0, '2018-05-24 15:49:05'),
('91854fa3c9d9c5220b46147d3be887974cd52751f36f07239f2797dd525186768698acbbc85300c8', '828b070074a29e3f25e4f61783e7b6abd9eb07b7f403f3c2cdf8634d19f4b8919b5c02dd18fa07c8', 0, '2018-05-24 15:54:59'),
('921552899f7574f276aad2f8f778b8a2610ff94dd3365f4199675b9a981c9a637f5f8af7df9ca655', '82b939b69b302c761d226e427961366045e092d1332d5385cf877bd12024fc32123f9b19424f4cd1', 0, '2018-05-24 15:57:57'),
('98430abafeec306ad7382cc3e73f0b2f19d1e1341b6bc51456e9138cdfba3f74b0cb58f8efbd50ba', '58540cf039bd505386eacfeb8052f06f16f5b80a1ee5facc77ef8ba9fef3d9f4562fa30bc1df6c50', 0, '2018-05-24 15:50:11'),
('9d51ae6f948e09b16db56fe3247196595ddb1dff42b410ec973a122993e0ec13c0a86c6d222ac000', 'd78e2c7281c97434d00f09a5771e94be6597de9cd937a51e55d96f4f0b169730c30922cc24f58d12', 0, '2018-05-24 16:02:07'),
('a21b749ab14ba08f906b03696e7bd1e42f9b557b72e25d5ef127bf88dee72f5d6caec1ff6d5caa13', '38f27547b778d44c558326660bef1a54d50ee231e2eac8efacaa9012cb762ec615aed4e5bdf0bc77', 0, '2018-05-24 15:50:22'),
('a3f26d47277584068443da14deea5c3fab7ae7a0d17961bdd5d0466e3ac7626ed3bab5c3b9222d21', '98278c5e961a34fa235b9a8cc447bbab89038530e378c6939b19b1286a0568728c681ffb3ac862b8', 0, '2018-05-24 15:49:04'),
('a63b4aa79cdd9854d24a4c94d4edebfaa7cb8911fc45b6f27a72febbfc895856cee93143c886495a', '2a644aaff13fe90f002bae9b0af7d86871a9b1cd5f5063063c292bb54721323846817ff4e68944a4', 0, '2018-05-24 15:50:10'),
('acaf7f6fcfcae3bd88275160ebf8bae88f3fb981cfc1a4cf0bf6872d74b60c9b4122932c548c6779', '5d4928b816f92f14ff9cae9fb46887da165532ede2f121582ba2d1ff34dabed55a01c61d6c35be5c', 0, '2018-05-24 15:58:06'),
('b12a5f35b4cf1800934cd90181d3d6caf0f1c5215ce73fb9aa06948856a52f7761113b917f0eeb94', '70c6e3c4816203736315376a4723e0d1c258877db8287c29acf0f5f40944c4aebac9e32385662ac8', 0, '2018-05-25 15:31:18'),
('b144015a16e1c6f57d7079c7ef7a9d1023318903e8663eca90fc34e264ef2e61f4c77aa88c1051ff', '34a583ecca6ac5bf97c36218d43d019a4711e28840559b7e1fab872d1b674189d4424648023b3700', 0, '2018-05-24 16:02:13'),
('b56c5dd75e66b0f9eb75547f8e02ea7caefe3179a9f3cf19af4295feafee4ff3a6c23616a50cd9d8', 'c9f7ce560e3241f9abc405787c18f60644c9e096cb83c98801f1ae2f8ed165eddb16b8fbb22c9c36', 0, '2018-05-24 15:56:37'),
('b5bd7397d36d08076dce875a8f47cbea0246d587ea8c4c7541ea744a3a1c37ceaef993a440fb8478', '5e4d744edd3980800f29585fa74dbff4b050546d3008d759af8cc0f3cad2bd8be7de2dba840fa5ef', 0, '2018-05-24 15:55:00'),
('b8a8bb19b3070e2e85af3148ffb82b760f1158514e96ac53709580e2a78b18bbecb032086d59d1e3', 'ab13aba9c3ee819b3b094a0b83ad257e1d18b70bd54f3ab3a3f35b35000fa8430a2fb5d04d2b8f16', 0, '2018-05-24 15:48:58'),
('b9c9f16f0ceeb1b4f7d3d329d02ddcf84009e7703a73f6785ece12cb7b44f77c5a008f9ceb4ee203', '0dc8a9fb64e2397ca48ee6be5f46409736f464b72af625bbb663a89a60ef90dc4020c60a5a61f7e5', 0, '2018-05-24 16:02:14'),
('bc160702b6c90d509a0dbd190ff8302709f2f3527ea4210612e294390e05b47480c81b192288e6b3', '0df7fe23447a095ddeff7e1e1b7d749ce42f4e8accdcd43458ae1107ec204f5f4726c9aeec8eaa91', 0, '2018-05-24 15:56:33'),
('bd02b9a1773ea05f96b744e6e650b4ce1df0fc75f3741ad688faa18b5a6d4da643496ddde48c0286', 'a6a68a3e893bcb622511fba3f202491b2519bc83a8a5d54c1474b6435d0a09bb7f771c3f61bedd4c', 0, '2018-05-24 14:06:27'),
('c134a044891f2b2960cb4641b4dfa1818a60ece9d4db75dde026b0cbe44a98dd4cf38c689888d626', '3400d4fa068846880ca4a6c16a0332649729b98c678d5666f95fa0d2bc81dc0d9c329f33f809d1c8', 0, '2018-05-24 16:02:07'),
('c1ac45ffb9dcc4159adf351f812def007bded079499031dfe556770532c3b73a09ffb9a9b3f570f0', 'de4a45ca0596d37e164ccf8d416d07551f090a86290c99d004a64dcb1fc3835ba13f5e0ee704d558', 0, '2018-05-24 15:54:56'),
('c48b630918e33359b8328efa052025e5ecf8f47cc9d9b20ea4cd5b55378aff80dadd4be5c100319b', '1b55f0dbe91c5be358a06ae84e32c298a8da79c982abd46b254cb68cf39537fb3209e29cca1ab817', 0, '2018-05-24 16:02:06'),
('c7d219f6272ef71c2c883cbb7bfcafda55cc7d3d5002279f2fa2b6222bdb16a80d1986f19215eb4d', 'bb47a6977634e02536e1d0414cf6adc7489636c7f7330afd77697595c1dfc0ac56b66239b1728505', 0, '2018-05-24 15:50:05'),
('cced969a77e9483025b8ba0a1c3f690fb88869bff99794a0dde955696ac3c184e3b0d7f30c89bcd0', '6985c36ee94c3efbf18d6bbfd20f3376f816e02363fce734a2fa5aea1c1bfcc38aceb461c03d3854', 0, '2018-05-24 14:06:25'),
('ce891fe613b16779db9f76d60388e1904db6bdf0e94436df5a2f4f28b9d5d5fecb5a549b2020b2bd', '8354a373791473c25f0f8c5c99efc81a7a66663c4b8d869263c15d1cba911cf7dc50e16b625268b0', 0, '2018-05-24 15:48:56'),
('d083484a5c16f45d43f29d163ed4fb8c1bc0aa90de2d6598706d247aeedcdb1547954c93f1372e3c', 'f40e39eae1af39908ed68d74d850f161f97a910066791200388ff9e32560bed99149771ff418c915', 0, '2018-05-24 15:50:09'),
('d792fc87f389d3b8d7498f3638c1ec0506ba4e89068cf0b9b09f7c749015b3f552e2f6d9323f6dc9', '5dee434683687c702eee8e6556a3ed78d1c65dec53f604a76d0f950b0a56e490bea9be0845cfe9f1', 0, '2018-05-24 15:58:06'),
('d7e5f420611195f14602f217f162b0e974c9c6c7c3935235c2022ca9a8e6f4e3539a15818f46a1b2', '6f66af220ce1ba5ef5082d0227e7181e375ad54a829a930aa9a0777101528cabe77b68bd383ca6ec', 0, '2018-05-24 15:49:04'),
('d90f98e14409dcf5d072699ad0c4acb0d9961b7893ab29812d1b8c1b3a26ddc786a9b21e90e548fc', 'a5d7b3f3e6e3889a77bba73454147335f31611027a175f34c7eb20dbc551d89c38e13154e6fabd47', 0, '2018-05-24 15:49:03'),
('db80bc7a169d13a92d091a70e3d857da78ef7ffc9f5cc105bd2b5bf6eee8ff34746ad488ac00fb58', '876852214cea8f2391b0012d1d7fe7afaa02588a3dc7c72ec316f03e2002bbb13ebaafd384dfda6c', 0, '2018-05-25 16:10:19'),
('deeb4f08dfac3fcc45752e1315a998f7ab7d6d8da40644a8127c51bd1c9c83749352501cf05f8237', 'd2fcdcee6ec00879dee25643080a0e8a118869525b6e9fcd2599d85b0f8eb6094fbba5109ee80c04', 0, '2018-05-24 15:50:38'),
('e12721423cead7083b65d368f707f9ae4b3f8adecc2e842c57184a30e70d678f5df8259129797e22', '73166c2a9b2adf51fc18effa4cd86ab2d26362d981e46480f6cb1891d6cd899b290ad66c55688706', 0, '2018-05-24 15:49:16'),
('eaf5ade76695ace2c15c3f3e2a51e627a28a02e45770c05bc01b7f0b7a3c2fe074fde58f25957646', 'dda9632c0679be580b4c66bfbda3885a6d9bd647e8c14578c28daea5e402a445bf12fbf554189567', 0, '2018-05-25 09:21:15'),
('f029eec4a9a52094ba07580f0b56ab26c427772e20df297106ddd33976cb57c6abc5bab1fdf77e9d', '8c7f10d5daa7c0a8694a7a18fc90f42f6d45b6ec9d834afddd863993b52d2502900b1f8e98543a38', 0, '2018-05-24 17:03:15'),
('f1d3df7cc853db84226e49117f224cd408262ef2d528806e143131662e73931001c1ab84843ea1dc', 'c3b2a9c5a77823e101d4f9fabd7133f8218ff6bb1ed1e3f4c1a563ba3ecb867333a64066778d13db', 0, '2018-05-24 15:56:33'),
('f22a5619330b1e3528b5c681e97c6d15c4093bebc56091b28bbfba503a1c34e7be79436591c08291', 'ba02c1481a0408644fd0057c0294192d93aba774e22d204e42e870459de6e69444fa2d169e783d01', 0, '2018-05-24 15:50:09'),
('f2a6f13a4d0ecce7dcd9bf63e996ed44423b1bb407f8c7fc5821966399b0ce762a1256ef8494365c', '186a45b318869746a17fbffc84f376572cd4f6cce9e8dfbb9a2c69de4720b733ac66c7c04ce160b7', 0, '2018-05-24 15:54:53'),
('fccb0160cfe0dc9c8a2577ee224260de729525ff2ef98116502bd134892ce4b6c9f76eb2258b05ea', '9a122516622b8c9f97cd181ddf693fc0037f52936ec2f1be994d2afa7712ca82e94966a983662ddc', 0, '2018-05-24 15:56:36'),
('fddccd35c21b3b9f2ce838d2b06cc7a3c074166f9b5d815ea0b9ffca01f51d30574a2fa4d41c7cf4', '454b98296c82bbaed9cf1c375e3e0b9ab4da0904e81f8b15ebcabf38c097359290280a578b4263d0', 0, '2018-05-24 15:49:03');

-- --------------------------------------------------------

--
-- Struttura della tabella `password_resets`
--

CREATE TABLE `password_resets` (
  `email` varchar(191) COLLATE utf8mb4_unicode_ci NOT NULL,
  `token` varchar(191) COLLATE utf8mb4_unicode_ci NOT NULL,
  `created_at` timestamp NULL DEFAULT NULL
) ENGINE=InnoDB DEFAULT CHARSET=utf8mb4 COLLATE=utf8mb4_unicode_ci;

-- --------------------------------------------------------

--
-- Struttura della tabella `products`
--

CREATE TABLE `products` (
  `id` int(10) UNSIGNED NOT NULL,
  `name` varchar(255) COLLATE utf8mb4_unicode_ci NOT NULL,
  `price` double NOT NULL,
  `description` text COLLATE utf8mb4_unicode_ci NOT NULL,
  `created_at` timestamp NULL DEFAULT NULL,
  `updated_at` timestamp NULL DEFAULT NULL
) ENGINE=InnoDB DEFAULT CHARSET=utf8mb4 COLLATE=utf8mb4_unicode_ci;

--
-- Dump dei dati per la tabella `products`
--

INSERT INTO `products` (`id`, `name`, `price`, `description`, `created_at`, `updated_at`) VALUES
(1, 'adipisci', 32.07, 'Autem odio quae ipsam quae dolorum. Eum saepe iste sit aperiam consectetur sit. Rerum et dolorem quo voluptates enim illo velit quasi. A molestiae est cupiditate in.', '2017-05-25 08:52:08', '2017-05-25 08:52:08'),
(2, 'quo', 97.66, 'A veniam vero consequatur impedit quam. Asperiores dolores cumque est voluptatum. Sit aut et ipsam accusamus expedita officia. Laudantium consequatur est explicabo tempora in iste. Id voluptas et et dolores laborum sit et. Alias non esse autem delectus. Temporibus ipsa voluptatum iste dolore eos in. Vero voluptates omnis eaque nisi maxime laudantium doloribus. Blanditiis nam voluptas maiores fugit. Provident eos quo consectetur aperiam debitis ratione. Id sunt in voluptatem qui.', '2017-05-25 08:52:08', '2017-05-25 08:52:08'),
(3, 'ut', 80.16, 'Veniam aspernatur optio explicabo omnis dolore. Est nemo maiores non omnis ut.', '2017-05-25 08:52:08', '2017-05-25 08:52:08'),
(4, 'modi', 72.4, 'Distinctio autem consectetur sint enim numquam sint qui consequatur.', '2017-05-25 08:52:08', '2017-05-25 08:52:08'),
(5, 'velit', 87.31, 'Quo accusantium aut aut error ut corporis. Qui dicta at consequatur est. Eius deleniti vitae rem totam ullam facere sequi. Illo voluptate rerum enim laudantium. Fuga vero libero laboriosam ut fuga. Ut assumenda explicabo id ut. Incidunt quia culpa sequi perferendis error dolore et qui. Odio repudiandae possimus odio dolore. Et qui rerum nulla libero adipisci commodi doloremque. Dolorum vel aut molestias qui assumenda voluptas cum. Et odit dolore perspiciatis. Laboriosam quis accusamus odio repudiandae voluptatem atque omnis.', '2017-05-25 08:52:08', '2017-05-25 08:52:08'),
(6, 'ratione', 62.9, 'Recusandae veniam est quibusdam maiores et eveniet. Praesentium doloribus qui exercitationem rerum. Soluta quis iste non distinctio itaque minima. Excepturi autem molestiae vel omnis. Quae dolorem qui dolore consequatur tenetur ducimus. Dignissimos magnam rem incidunt quasi. Placeat amet qui aut iusto. Voluptas a quasi explicabo sapiente modi et numquam.', '2017-05-25 08:52:08', '2017-05-25 08:52:08'),
(7, 'et', 30.92, 'Ratione nostrum illum iure sapiente molestiae. Consectetur alias qui officiis tempore mollitia aliquam. Minima possimus voluptatibus nostrum. Iure molestias neque et magnam suscipit veritatis. Eius sit aut facilis ducimus harum nemo facere. Animi labore quis quia necessitatibus. Libero vitae et accusamus qui numquam consectetur quod. Natus at sapiente consequatur saepe facilis est. Natus voluptates delectus voluptatum ab saepe est et eum. Et nisi quia sint assumenda. Vitae praesentium autem ipsa.', '2017-05-25 08:52:08', '2017-05-25 08:52:08'),
(8, 'nihil', 32.83, 'Dignissimos ducimus quam ducimus reprehenderit est hic. Et delectus officia et amet. Id est sit earum.', '2017-05-25 08:52:08', '2017-05-25 08:52:08'),
(9, 'voluptatem', 16.13, 'Debitis et rerum error voluptatem libero.', '2017-05-25 08:52:08', '2017-05-25 08:52:08'),
(10, 'rerum', 4.03, 'Dolores dolorum sapiente pariatur similique quidem facilis ducimus. Saepe perspiciatis beatae vel eaque ut vel quibusdam.', '2017-05-25 08:52:08', '2017-05-25 08:52:08'),
(11, 'commodi', 8.23, 'Voluptate dolores unde minima nostrum id accusamus beatae. Quasi sapiente placeat repellat ullam ea. Qui tenetur velit ullam illum cumque. Cum sit qui perferendis error iste maiores quisquam laboriosam. Sequi velit ab minima et debitis adipisci. Et qui et ipsum ipsum. Impedit quidem hic eaque sunt sint. Earum autem suscipit ipsam incidunt eos laudantium. Ut assumenda consequuntur quis qui natus. Quos voluptas temporibus molestiae molestias et facilis quia. Dolorem at at sunt ducimus. Nihil eligendi maiores modi assumenda. Facilis qui vitae aut sunt.', '2017-05-25 08:52:08', '2017-05-25 08:52:08'),
(12, 'corrupti', 22.54, 'Nihil quo ut cum. Et hic quisquam ut quod asperiores. Corrupti blanditiis id vitae suscipit iure omnis molestiae. Et dolore qui non incidunt sint explicabo. Atque tempora ut perferendis quasi atque. Ad praesentium voluptatibus consequatur necessitatibus.', '2017-05-25 08:52:08', '2017-05-25 08:52:08'),
(13, 'ipsum', 13.48, 'Ipsa repudiandae recusandae voluptatum quis nobis perspiciatis. Corporis aut culpa consequatur aut quod. Quaerat officia deserunt et voluptas omnis voluptatem dolore mollitia. Quia doloremque qui et est aut ullam sapiente. Eveniet neque dolor et tenetur voluptas. Itaque quae consectetur ipsam laborum.', '2017-05-25 08:52:08', '2017-05-25 08:52:08'),
(14, 'debitis', 9.9, 'Eius repellendus dignissimos eos quia nesciunt. Commodi eos autem autem harum qui in facilis. Est nisi et culpa. Voluptate quos aliquam odit ea incidunt consequatur. Delectus officia non qui temporibus est molestiae a quia. Quia repudiandae qui est.', '2017-05-25 08:52:08', '2017-05-25 08:52:08'),
(15, 'repellat', 21.4, 'Dolores sed quas ipsam optio ipsam. Cupiditate ad odit ipsa assumenda culpa vel quaerat. Ipsum rem et sit. Et ex rerum et quia. Error nisi voluptatum quis quibusdam suscipit optio sunt. Dolor occaecati inventore porro ab adipisci dolore. Consequatur rerum rerum inventore magnam sapiente sapiente. Cupiditate unde eius eveniet quo repudiandae sed. Aliquid totam sit et.', '2017-05-25 08:52:08', '2017-05-25 08:52:08'),
(16, 'iusto', 78.29, 'Possimus culpa rerum inventore veniam aliquid qui laborum. Rerum voluptatem quisquam sint. Tempore quis consequuntur sunt quibusdam deserunt praesentium eos. Facere ratione similique voluptatem. Enim et ad qui quas officia reiciendis. Omnis magnam expedita et quis ipsa.', '2017-05-25 08:52:08', '2017-05-25 08:52:08'),
(17, 'ad', 16.19, 'Debitis nihil qui hic. Et consectetur doloremque optio labore impedit earum eum. Repudiandae dolor consectetur aperiam voluptatem sapiente. Consequatur recusandae est eos debitis enim a non incidunt. Et velit alias amet et voluptas tempora officiis ex. Illo atque ea dolores enim accusantium soluta commodi optio. Id debitis fuga aut. Ut enim autem voluptatum nihil quia.', '2017-05-25 08:52:08', '2017-05-25 08:52:08'),
(18, 'cum', 37.01, 'Veniam fuga nulla voluptas dolor dolores perspiciatis fugit.', '2017-05-25 08:52:08', '2017-05-25 08:52:08'),
(19, 'ut', 6.28, 'Enim aliquam minima commodi quo. Veniam necessitatibus quia qui. Nesciunt est illum quia. Quaerat non dolore vel est quia nihil laudantium.', '2017-05-25 08:52:08', '2017-05-25 08:52:08'),
(20, 'velit', 26.62, 'Distinctio nihil voluptas perspiciatis qui. Asperiores vero unde placeat quis est. Voluptas et libero velit. Unde accusantium quo distinctio esse eveniet. Natus quisquam quod nobis explicabo praesentium ipsa. Neque error dolor adipisci quam possimus. Eos incidunt aut qui sunt qui odio. Amet doloremque voluptas voluptatum ut iusto placeat. Odio et suscipit ut ut. Eum ut ratione nulla nostrum quia voluptas eius nemo.', '2017-05-25 08:52:08', '2017-05-25 08:52:08'),
(21, 'sed', 21.56, 'Reprehenderit eum sint corrupti. Aperiam neque autem quia dolor voluptatum alias omnis. Accusamus non et quos qui quaerat quibusdam. Sed eos voluptatem rerum incidunt.', '2017-05-25 08:52:08', '2017-05-25 08:52:08'),
(22, 'ut', 65.22, 'Voluptatibus voluptatem praesentium sint rerum a. Vero recusandae est illo reprehenderit vel quia. Deserunt mollitia veritatis quia ullam. Illo et dolores sint. Sed saepe non in iste culpa. Non repudiandae pariatur quia repellendus voluptas est eius. Quidem provident iusto recusandae asperiores rem et. Animi cupiditate eius illum amet labore sequi rem.', '2017-05-25 08:52:08', '2017-05-25 08:52:08'),
(23, 'ut', 47.44, 'Eligendi dolorem porro voluptatem sunt ex eos. Vel porro quibusdam et et repellendus aspernatur. Corrupti in reiciendis ut corporis. Praesentium libero et ipsam sequi nisi culpa. Voluptatem occaecati quidem rerum quam. Quam iste corrupti nesciunt aperiam nostrum rerum eos. Sunt omnis quibusdam ullam provident. Velit eveniet et voluptatum reprehenderit modi. Et odio iusto nulla temporibus nihil et beatae. Quia quam ea sit voluptatem. Quia distinctio et rerum exercitationem officia numquam.', '2017-05-25 08:52:08', '2017-05-25 08:52:08'),
(24, 'ut', 97.58, 'Commodi dolor quibusdam sunt ratione dolorem unde praesentium. Exercitationem quo fuga aliquid ea. Sapiente totam quo qui. Officia repudiandae placeat quam. Tempora eveniet deserunt vel commodi non et. Consectetur ab illo enim consequatur perferendis.', '2017-05-25 08:52:08', '2017-05-25 08:52:08'),
(25, 'officiis', 39.95, 'Aut aperiam sequi eos incidunt ad consequatur. Quam sunt nam expedita amet expedita fugiat fugit. Atque impedit voluptatem fuga accusamus dolores atque. Cum quam delectus neque sed doloremque. Rem sed nobis dolor sunt est accusantium consequuntur. Voluptatibus vel necessitatibus quas alias explicabo. Ut aut ea blanditiis qui dolorum a vitae ex. Omnis et consequatur nemo adipisci aspernatur. Natus rerum dolores sit.', '2017-05-25 08:52:08', '2017-05-25 08:52:08'),
(26, 'atque', 33.76, 'Id maiores et itaque eum aut. Mollitia deserunt provident eaque. Mollitia illo vel in voluptatem.', '2017-05-25 08:52:08', '2017-05-25 08:52:08'),
(27, 'voluptas', 43.2, 'Error repellat eius ipsam autem non sapiente quidem. Molestiae consequatur hic molestiae ipsum. Ex excepturi odit id fugiat ut id dolore perferendis. Minima occaecati commodi recusandae doloribus. Deserunt velit reprehenderit nobis. Inventore illum earum aspernatur at molestias. Minima itaque quos quidem commodi. Necessitatibus doloremque ducimus consequatur facilis iure omnis rerum. Dolorem ea rerum saepe voluptatem. Explicabo dolores mollitia ipsam modi quisquam ex.', '2017-05-25 08:52:08', '2017-05-25 08:52:08'),
(28, 'molestiae', 54, 'Voluptatum quia et aut dolore sunt omnis. Nobis blanditiis in et omnis voluptates. Tenetur eaque porro minus placeat nobis delectus ratione. Quo voluptas tempore enim accusantium nisi aliquam est. Ex molestias placeat asperiores. Asperiores nulla voluptatem sit.', '2017-05-25 08:52:08', '2017-05-25 08:52:08'),
(29, 'voluptatem', 33.06, 'Placeat aut autem minus molestiae voluptatem voluptatem et. Ea harum quia exercitationem nisi exercitationem quidem rerum assumenda. A facere numquam quo quia consequuntur dolorem. Et enim ea sint velit voluptatem nihil et. Quis aut minus ratione ipsa.', '2017-05-25 08:52:08', '2017-05-25 08:52:08'),
(30, 'omnis', 88.63, 'Earum cum ex recusandae et delectus earum officiis. In quos sit ut ex neque. Quod aut dolores culpa cupiditate aspernatur sed. Dolor repellat omnis adipisci et autem consequatur dolor. Adipisci commodi inventore praesentium recusandae aut aut.', '2017-05-25 08:52:08', '2017-05-25 08:52:08'),
(31, 'dolorem', 37.5, 'Alias rem est omnis nemo esse nobis id sunt. Qui nihil minus in dolorem voluptatem perferendis consequatur. Enim excepturi error pariatur expedita rerum doloribus. Repudiandae optio nam blanditiis amet voluptatem sint quod. Cumque earum qui et reiciendis delectus asperiores non. Voluptatem dolores mollitia tempore veritatis hic perspiciatis. Temporibus et praesentium dicta.', '2017-05-25 08:52:08', '2017-05-25 08:52:08'),
(32, 'repellendus', 47.8, 'Debitis tempora magni repellat. Ipsa in exercitationem occaecati rem id. Id voluptatem quas distinctio fugit. Quos asperiores fuga qui eum assumenda dicta. Explicabo tempore sit et aliquid.', '2017-05-25 08:52:08', '2017-05-25 08:52:08'),
(33, 'quasi', 87.29, 'Ut maiores rerum est pariatur. Ducimus ea aut quia animi corrupti dolores. Quibusdam ad voluptatibus dolorem excepturi perferendis. Natus temporibus et quis et ad inventore. Occaecati perspiciatis molestias mollitia voluptatem similique et. Cum explicabo ut rerum qui eos porro temporibus.', '2017-05-25 08:52:08', '2017-05-25 08:52:08'),
(34, 'et', 29.46, 'Nesciunt voluptatem sunt deleniti laudantium nulla. Delectus quis doloribus rerum voluptatem suscipit. Nihil aut saepe consequatur in. Nemo dolorem dolorum reiciendis odio eos. Ipsum facere laborum eaque quis magni. Reprehenderit nobis itaque eaque mollitia non sit voluptas consequatur. Minima vel voluptatem accusantium illo nihil eligendi minus. Iure sed autem quo ab. Officiis est voluptas rerum placeat.', '2017-05-25 08:52:08', '2017-05-25 08:52:08'),
(35, 'reiciendis', 6.38, 'Quia et et autem dignissimos culpa qui. Labore beatae accusamus voluptate ea nobis. Ut sit harum sunt totam. Dolores sequi maxime ut quis blanditiis debitis.', '2017-05-25 08:52:08', '2017-05-25 08:52:08'),
(36, 'odit', 49.19, 'Sit temporibus omnis exercitationem. Repellat quam totam voluptatem qui. Quas aut ea blanditiis. Architecto necessitatibus atque perspiciatis sit. Perferendis fugiat facilis distinctio aut. Illum quia distinctio sunt illo inventore saepe.', '2017-05-25 08:52:08', '2017-05-25 08:52:08'),
(37, 'omnis', 34.82, 'Ut quisquam et fuga minima blanditiis dolor. In omnis consequatur voluptas accusamus voluptas sapiente vel sunt. Rerum enim iure molestiae fuga numquam rerum eos repellendus. Totam eum molestias officia eius. Illo modi nemo fugit. Eos occaecati omnis sed hic non. A corrupti fugit veniam voluptas. Maiores sit commodi et minima. Veniam laboriosam in est asperiores. Cupiditate odio dolorum accusamus reiciendis.', '2017-05-25 08:52:08', '2017-05-25 08:52:08'),
(38, 'qui', 24.79, 'Sit rerum voluptatibus itaque sunt. Voluptas sed nam ullam hic eum iusto in. Nihil consequatur enim et et quaerat. Veritatis sit nostrum voluptatem placeat eius id. Laudantium quod accusantium delectus eos eos. Nulla maxime fuga laboriosam. Rem sint eaque quasi quis et sit. Voluptatem eos sint quia aut. Qui sint est modi voluptas. Velit officiis nemo et ullam ad saepe enim qui.', '2017-05-25 08:52:08', '2017-05-25 08:52:08'),
(39, 'accusantium', 36.56, 'Nihil non nulla voluptatibus qui at.', '2017-05-25 08:52:08', '2017-05-25 08:52:08'),
(40, 'esse', 26.47, 'Explicabo quia deleniti velit exercitationem ab incidunt. Sed fugit expedita voluptatem hic sed. At molestiae sed qui delectus eos minus ducimus. Dolores modi delectus qui ut id. Id minima laudantium laudantium voluptatibus et. In ut numquam consequuntur ullam aut itaque eius ab.', '2017-05-25 08:52:08', '2017-05-25 08:52:08'),
(41, 'illo', 26.02, 'Quis ut itaque non adipisci temporibus qui. Et ut et est. Molestiae atque rerum explicabo numquam consequatur et.', '2017-05-25 08:52:08', '2017-05-25 08:52:08'),
(42, 'neque', 9.46, 'Incidunt consequuntur maiores qui ullam aut aut dolor. Ad corrupti nobis quos et iure. Aut est eveniet facere doloribus et quaerat assumenda. Delectus illum enim perspiciatis sunt. Voluptatem similique repellendus rerum. Ut voluptas rerum nihil reprehenderit. Aut quasi voluptate hic eum. Sit dignissimos eius sed et quaerat sapiente.', '2017-05-25 08:52:08', '2017-05-25 08:52:08'),
(43, 'nihil', 15.1, 'Id et nesciunt consequuntur maxime odio excepturi. Perspiciatis et quas illo nemo.', '2017-05-25 08:52:08', '2017-05-25 08:52:08'),
(44, 'exercitationem', 54.99, 'Est quos reprehenderit amet id. Minima ut aut eos ut voluptatem omnis. Eum vel odio necessitatibus aut voluptas voluptatum. Non voluptatem quae ullam odio. Temporibus minima est temporibus. Esse nobis laborum deleniti adipisci vel.', '2017-05-25 08:52:08', '2017-05-25 08:52:08'),
(45, 'architecto', 35.84, 'Et aut aspernatur qui rerum numquam. Maxime consequatur aut vel repudiandae animi pariatur.', '2017-05-25 08:52:08', '2017-05-25 08:52:08'),
(46, 'inventore', 39.15, 'Accusantium dolores sed quo voluptate. Aut quia earum rerum asperiores at. Tempora rem et adipisci fuga eius. Pariatur rem iusto atque nisi. Sapiente voluptas occaecati architecto ipsum. Dolorem autem ex vel dolorem quos rerum. Illum cum atque fugiat id atque nobis possimus. Quidem optio officia deleniti ut qui. Neque nisi esse rerum et id et temporibus. Eius placeat eaque quos repellendus consequatur. Possimus quae adipisci ut porro nobis nobis. Adipisci cupiditate porro voluptatibus magnam ipsam consectetur. Numquam quis modi ut harum sequi aut nobis.', '2017-05-25 08:52:08', '2017-05-25 08:52:08'),
(47, 'consequuntur', 22.49, 'Earum a provident corporis sint. Voluptate velit qui corrupti consequatur. Ea est fugit sed ut sed. Fugiat voluptatem ut qui.', '2017-05-25 08:52:08', '2017-05-25 08:52:08'),
(48, 'qui', 15.6, 'Expedita deleniti rem in culpa velit. Beatae modi inventore totam ut. Sapiente quia et tempora suscipit quibusdam in ullam est.', '2017-05-25 08:52:08', '2017-05-25 08:52:08'),
(49, 'alias', 74.34, 'Impedit ab aut explicabo soluta quaerat officiis qui at. Ad corporis recusandae corrupti maxime. Dolore perspiciatis reiciendis aspernatur id. Magni nobis officia dolore. Et ipsam repellendus laborum omnis harum architecto. Omnis autem sed porro dolor architecto est libero rerum. Magnam expedita quod quas qui sequi. Et expedita aliquam illo perferendis sed. Delectus ut nisi voluptatem. Rerum sed id et qui enim. Alias iusto est voluptas ex. Nostrum tempore beatae qui rerum. Quidem repellendus illum modi consectetur quia. Quaerat facilis debitis culpa.', '2017-05-25 08:52:08', '2017-05-25 08:52:08'),
(50, 'velit', 64.03, 'Adipisci ut sed cum fuga. Et autem sed libero beatae. Amet repellat et sunt accusamus odio. Ratione tempora officiis quasi. Pariatur molestias est sed sunt odit eligendi dicta quisquam.', '2017-05-25 08:52:08', '2017-05-25 08:52:08');

-- --------------------------------------------------------

--
-- Struttura della tabella `users`
--

CREATE TABLE `users` (
  `id` int(10) UNSIGNED NOT NULL,
  `name` varchar(191) COLLATE utf8mb4_unicode_ci NOT NULL,
  `email` varchar(191) COLLATE utf8mb4_unicode_ci NOT NULL,
  `password` varchar(191) COLLATE utf8mb4_unicode_ci NOT NULL,
  `remember_token` varchar(100) COLLATE utf8mb4_unicode_ci DEFAULT NULL,
  `created_at` timestamp NULL DEFAULT NULL,
  `updated_at` timestamp NULL DEFAULT NULL
) ENGINE=InnoDB DEFAULT CHARSET=utf8mb4 COLLATE=utf8mb4_unicode_ci;

--
-- Dump dei dati per la tabella `users`
--

INSERT INTO `users` (`id`, `name`, `email`, `password`, `remember_token`, `created_at`, `updated_at`) VALUES
(1, 'Darby Spinka IV', 'ahilpert@example.com', '$2y$10$Mz13usfIDwPN/gNY36rJ6ugMXFHxkuoqbu04Dt2IIGbEwuL2g18ne', 'PlFq175gOq', '2017-05-24 07:52:51', '2017-05-24 07:52:51'),
(2, 'Justice Schiller', 'bdare@example.org', '$2y$10$Mz13usfIDwPN/gNY36rJ6ugMXFHxkuoqbu04Dt2IIGbEwuL2g18ne', '4j75WMwUFj', '2017-05-24 07:52:51', '2017-05-24 07:52:51'),
(3, 'Alessia Frami II', 'marlen.simonis@example.net', '$2y$10$Mz13usfIDwPN/gNY36rJ6ugMXFHxkuoqbu04Dt2IIGbEwuL2g18ne', 'w2Z1Zk3M51', '2017-05-24 07:52:51', '2017-05-24 07:52:51'),
(4, 'Samanta Herman', 'jennie.botsford@example.org', '$2y$10$Mz13usfIDwPN/gNY36rJ6ugMXFHxkuoqbu04Dt2IIGbEwuL2g18ne', '1zS9gPBXdu', '2017-05-24 07:52:51', '2017-05-24 07:52:51'),
(5, 'Tanner Klein', 'ireichel@example.org', '$2y$10$Mz13usfIDwPN/gNY36rJ6ugMXFHxkuoqbu04Dt2IIGbEwuL2g18ne', 'DUlB63XRUh', '2017-05-24 07:52:51', '2017-05-24 07:52:51'),
(6, 'Adelle Kemmer', 'terry.ashlynn@example.net', '$2y$10$Mz13usfIDwPN/gNY36rJ6ugMXFHxkuoqbu04Dt2IIGbEwuL2g18ne', 'DyhxiGbA7P', '2017-05-24 07:52:51', '2017-05-24 07:52:51'),
(7, 'Kathryne Abbott III', 'hdicki@example.net', '$2y$10$Mz13usfIDwPN/gNY36rJ6ugMXFHxkuoqbu04Dt2IIGbEwuL2g18ne', 'FqBXKSjNrP', '2017-05-24 07:52:51', '2017-05-24 07:52:51'),
(8, 'Dr. Aiden Brekke', 'frempel@example.net', '$2y$10$Mz13usfIDwPN/gNY36rJ6ugMXFHxkuoqbu04Dt2IIGbEwuL2g18ne', 'YkrPBL2J8W', '2017-05-24 07:52:51', '2017-05-24 07:52:51'),
(9, 'Heath Tromp', 'rolson@example.com', '$2y$10$Mz13usfIDwPN/gNY36rJ6ugMXFHxkuoqbu04Dt2IIGbEwuL2g18ne', 'BrCR5qm48a', '2017-05-24 07:52:51', '2017-05-24 07:52:51'),
(10, 'Dr. Jarret Homenick', 'pasquale89@example.net', '$2y$10$Mz13usfIDwPN/gNY36rJ6ugMXFHxkuoqbu04Dt2IIGbEwuL2g18ne', 'cfhI6WxwAt', '2017-05-24 07:52:51', '2017-05-24 07:52:51'),
(11, 'Prof. Modesta Rice', 'vgreen@example.net', '$2y$10$XfetsfrFBLfvnr204cEtaePBiHtrkKDQqYCAmpxlLN47KWYZ52rhu', 'KLo1rxaQwa', '2017-05-25 08:52:08', '2017-05-25 08:52:08'),
(12, 'Esteban Bechtelar', 'nlittel@example.net', '$2y$10$XfetsfrFBLfvnr204cEtaePBiHtrkKDQqYCAmpxlLN47KWYZ52rhu', 'qHcu66vL70', '2017-05-25 08:52:08', '2017-05-25 08:52:08'),
(13, 'Prof. Annabell Gottlieb DVM', 'ybosco@example.org', '$2y$10$XfetsfrFBLfvnr204cEtaePBiHtrkKDQqYCAmpxlLN47KWYZ52rhu', 'ugg32VaAHa', '2017-05-25 08:52:08', '2017-05-25 08:52:08'),
(14, 'Prof. Margarete Turner', 'davonte.lesch@example.net', '$2y$10$XfetsfrFBLfvnr204cEtaePBiHtrkKDQqYCAmpxlLN47KWYZ52rhu', 'ejZg83DvzN', '2017-05-25 08:52:08', '2017-05-25 08:52:08'),
(15, 'Destini Jenkins', 'cassandra.tromp@example.org', '$2y$10$XfetsfrFBLfvnr204cEtaePBiHtrkKDQqYCAmpxlLN47KWYZ52rhu', 'khH4SOm98B', '2017-05-25 08:52:08', '2017-05-25 08:52:08'),
(16, 'Katelin Schmidt', 'dolly64@example.com', '$2y$10$XfetsfrFBLfvnr204cEtaePBiHtrkKDQqYCAmpxlLN47KWYZ52rhu', 'kF6JHakBU5', '2017-05-25 08:52:08', '2017-05-25 08:52:08'),
(17, 'Laurianne Stiedemann', 'willms.kimberly@example.com', '$2y$10$XfetsfrFBLfvnr204cEtaePBiHtrkKDQqYCAmpxlLN47KWYZ52rhu', 'fBrjQUZFzn', '2017-05-25 08:52:08', '2017-05-25 08:52:08'),
(18, 'Mr. Hadley Wunsch', 'lrodriguez@example.org', '$2y$10$XfetsfrFBLfvnr204cEtaePBiHtrkKDQqYCAmpxlLN47KWYZ52rhu', 'LNfobQO7hm', '2017-05-25 08:52:08', '2017-05-25 08:52:08'),
(19, 'Tyreek Reichert', 'isaiah84@example.net', '$2y$10$XfetsfrFBLfvnr204cEtaePBiHtrkKDQqYCAmpxlLN47KWYZ52rhu', 'LKbxiD3raC', '2017-05-25 08:52:08', '2017-05-25 08:52:08'),
(20, 'Ludwig Kilback', 'jake.renner@example.net', '$2y$10$XfetsfrFBLfvnr204cEtaePBiHtrkKDQqYCAmpxlLN47KWYZ52rhu', 'BempCnmZ38', '2017-05-25 08:52:08', '2017-05-25 08:52:08');

--
-- Indici per le tabelle scaricate
--

--
-- Indici per le tabelle `migrations`
--
ALTER TABLE `migrations`
  ADD PRIMARY KEY (`id`);

--
-- Indici per le tabelle `oauth_access_tokens`
--
ALTER TABLE `oauth_access_tokens`
  ADD PRIMARY KEY (`id`),
  ADD KEY `oauth_access_tokens_user_id_index` (`user_id`);

--
-- Indici per le tabelle `oauth_auth_codes`
--
ALTER TABLE `oauth_auth_codes`
  ADD PRIMARY KEY (`id`);

--
-- Indici per le tabelle `oauth_clients`
--
ALTER TABLE `oauth_clients`
  ADD PRIMARY KEY (`id`),
  ADD KEY `oauth_clients_user_id_index` (`user_id`);

--
-- Indici per le tabelle `oauth_personal_access_clients`
--
ALTER TABLE `oauth_personal_access_clients`
  ADD PRIMARY KEY (`id`),
  ADD KEY `oauth_personal_access_clients_client_id_index` (`client_id`);

--
-- Indici per le tabelle `oauth_refresh_tokens`
--
ALTER TABLE `oauth_refresh_tokens`
  ADD PRIMARY KEY (`id`),
  ADD KEY `oauth_refresh_tokens_access_token_id_index` (`access_token_id`);

--
-- Indici per le tabelle `password_resets`
--
ALTER TABLE `password_resets`
  ADD KEY `password_resets_email_index` (`email`);

--
-- Indici per le tabelle `products`
--
ALTER TABLE `products`
  ADD PRIMARY KEY (`id`);

--
-- Indici per le tabelle `users`
--
ALTER TABLE `users`
  ADD PRIMARY KEY (`id`),
  ADD UNIQUE KEY `users_email_unique` (`email`);

--
-- AUTO_INCREMENT per le tabelle scaricate
--

--
-- AUTO_INCREMENT per la tabella `migrations`
--
ALTER TABLE `migrations`
  MODIFY `id` int(10) UNSIGNED NOT NULL AUTO_INCREMENT, AUTO_INCREMENT=9;
--
-- AUTO_INCREMENT per la tabella `oauth_clients`
--
ALTER TABLE `oauth_clients`
  MODIFY `id` int(10) UNSIGNED NOT NULL AUTO_INCREMENT, AUTO_INCREMENT=3;
--
-- AUTO_INCREMENT per la tabella `oauth_personal_access_clients`
--
ALTER TABLE `oauth_personal_access_clients`
  MODIFY `id` int(10) UNSIGNED NOT NULL AUTO_INCREMENT, AUTO_INCREMENT=2;
--
-- AUTO_INCREMENT per la tabella `products`
--
ALTER TABLE `products`
  MODIFY `id` int(10) UNSIGNED NOT NULL AUTO_INCREMENT, AUTO_INCREMENT=51;
--
-- AUTO_INCREMENT per la tabella `users`
--
ALTER TABLE `users`
  MODIFY `id` int(10) UNSIGNED NOT NULL AUTO_INCREMENT, AUTO_INCREMENT=21;
/*!40101 SET CHARACTER_SET_CLIENT=@OLD_CHARACTER_SET_CLIENT */;
/*!40101 SET CHARACTER_SET_RESULTS=@OLD_CHARACTER_SET_RESULTS */;
/*!40101 SET COLLATION_CONNECTION=@OLD_COLLATION_CONNECTION */;
